CREATE DATABASE PARK;
USE PARK;
DROP DATABASE PARK;

CREATE TABLE THEMEPARK ( 
PARK_CODE VARCHAR(10) PRIMARY KEY,
PARK_NAME VARCHAR(35) NOT NULL,
PARK_CITY VARCHAR(50) NOT NULL,
PARK_COUNTRY CHAR(2) NOT NULL); 

INSERT INTO THEMEPARK (PARK_CODE, PARK_NAME, PARK_CITY, PARK_COUNTRY)
VALUES
('FR1001','FairyLand','PARIS','FR'),
('UK3452','PleasureLand','STOKE','UK'),
('NG1234','Lekki','LAGOS','NG'),
('CH3872','Jingsan','BEIJING','CH'),
('ZA3342','OrlandTower','DURBAN','ZA'),
('US8772','Morningside','NEWYORK','US'),
('IN3512','Nehr','DELHI','IN');



CREATE TABLE EMPLOYEE (
EMP_NUM NUMERIC(4) PRIMARY KEY,
EMP_TITLE VARCHAR(4),
EMP_LNAME VARCHAR(15) NOT NULL,
EMP_FNAME VARCHAR(15) NOT NULL,
EMP_DOB DATE NOT NULL,
EMP_HIRE_DATE DATE,
EMP_AREA_CODE VARCHAR(4) NOT NULL,
EMP_PHONE VARCHAR(12) NOT NULL,
PARK_CODE VARCHAR(10),
INDEX (PARK_CODE),
CONSTRAINT FK_EMP_PARK FOREIGN KEY(PARK_CODE) REFERENCES
THEMEPARK(PARK_CODE)); 

-- insert employee fields
INSERT INTO EMPLOYEE(EMP_NUM, EMP_TITLE, EMP_LNAME, EMP_FNAME, EMP_DOB, EMP_HIRE_DATE, EMP_AREA_CODE, EMP_PHONE, PARK_CODE)
VALUES
(100, 'Dr',   'Aruleba', 'Kehinde', '2003-07-13', '2022-01-07', 'LE3',  '12345678', 'FR1001'), 
(200, 'Mr',   'Chuck',   'Norris',  '2005-03-03', '2016-01-07', 'TX4',  '12367854', 'US8772'),
(300, 'Miss', 'Laura',   'Paighn',  '1999-02-22', '2016-01-07', 'SE8',  '65749825', 'ZA3342'),
(400, 'Mrs',  'Debra',   'Johnson', '1997-05-19', '2016-01-07', 'SE1',  '98795688', 'FR1001'),
(500, 'Mr',   'Bob',     'Kentucky','2001-01-01', '2016-01-07', 'NW2',  '86796845', 'ZA3342'),
(600, 'Mr',   'Liam',    'Smith',   '2006-02-23', '2016-01-07', 'SE23', '98426865', 'US8772'),
(700, 'Mr',   'Ryan',    'Strong',  '1999-08-22', '2015-01-07', 'LU4',  '98723848', 'CH3872');




CREATE TABLE TICKET (
TICKET_NO NUMERIC(10) PRIMARY KEY,
TICKET_PRICE NUMERIC(4,2) DEFAULT 00.00 NOT NULL,
TICKET_TYPE VARCHAR(10),
PARK_CODE VARCHAR(10),
INDEX (PARK_CODE),
CONSTRAINT FK_TICKET_PARK FOREIGN KEY(PARK_CODE)
REFERENCES THEMEPARK(PARK_CODE)); 

INSERT INTO TICKET(TICKET_NO, TICKET_PRICE, TICKET_TYPE, PARK_CODE)
VALUES
(13001,18.99,'Child','FR1001'),
(13002,34.99,'Adult','FR1001'),
(13003,20.99,'Senior','FR1001'),
(88567,22.50,'Child','UK3452'),
(88568,42.10,'Adult','UK3452'),
(89720,10.99,'Senior','UK3452');



CREATE TABLE ATTRACTION (
ATTRACT_NO NUMERIC(10) PRIMARY KEY,
ATTRACT_NAME VARCHAR(35),
ATTRACT_AGE NUMERIC(3) DEFAULT 0 NOT NULL,
ATTRACT_CAPACITY NUMERIC(3) NOT NULL,
PARK_CODE VARCHAR(10),
INDEX (PARK_CODE), 
CONSTRAINT FK_ATTRACT_PARK FOREIGN KEY(PARK_CODE)
REFERENCES THEMEPARK(PARK_CODE)); 

INSERT INTO ATTRACTION(ATTRACT_NO, ATTRACT_NAME, ATTRACT_AGE, ATTRACT_CAPACITY, PARK_CODE)
VALUES
(20011, 'Carnival', 15, 20, 'FR1001'),
(20022, 'Skydiving', 5, 15, 'ZA3342'),
(20033, 'Pirates', 7, 70, 'US8772'),
(20044, 'UnderSeaWorld', 30, 17, 'CH3872'),
(12751, 'QuadBike', 8, 50, 'UK3452'),
(20711, 'FlyToStars', 11, 18, 'FR1001'),
(20023, 'Hiking', 25, 150, 'ZA3342'),
(20911, 'Cycling', 18,80 , 'FR1001');



CREATE TABLE HOURS (
EMP_NUM NUMERIC(4),
ATTRACT_NO NUMERIC(10),
HOURS_PER_ATTRACT NUMERIC(2) NOT NULL,
HOUR_RATE NUMERIC(4,2) NOT NULL,
DATE_WORKED DATE NOT NULL,
INDEX (EMP_NUM),
INDEX (ATTRACT_NO),
CONSTRAINT PK_HOURS PRIMARY KEY(EMP_NUM, ATTRACT_NO,
DATE_WORKED),
CONSTRAINT FK_HOURS_EMP FOREIGN KEY (EMP_NUM)
REFERENCES EMPLOYEE(EMP_NUM), 
CONSTRAINT FK_HOURS_ATTRACT FOREIGN KEY (ATTRACT_NO)
REFERENCES ATTRACTION(ATTRACT_NO));

CREATE TABLE SALES (
TRANSACTION_NO NUMERIC PRIMARY KEY,
PARK_CODE VARCHAR(10),
SALE_DATE DATE NOT NULL,
INDEX (PARK_CODE),
CONSTRAINT FK_SALES_PARK FOREIGN KEY(PARK_CODE)
REFERENCES THEMEPARK(PARK_CODE)); 

CREATE TABLE SALES_LINE (
TRANSACTION_NO NUMERIC,
LINE_NO NUMERIC(2,0) NOT NULL,
TICKET_NO NUMERIC(10) NOT NULL,
LINE_QTY NUMERIC(4) DEFAULT 0 NOT NULL,
LINE_PRICE NUMERIC(9,2) DEFAULT 0.00 NOT NULL,
INDEX (TRANSACTION_NO),
INDEX (TICKET_NO),
CONSTRAINT PK_SALES_LINE PRIMARY KEY
(TRANSACTION_NO,LINE_NO),
CONSTRAINT FK_SALES_LINE_SALES FOREIGN KEY
(TRANSACTION_NO) REFERENCES SALES(TRANSACTION_NO) ON DELETE
CASCADE,
CONSTRAINT FK_SALES_LINE_TICKET FOREIGN KEY (TICKET_NO)
REFERENCES TICKET(TICKET_NO)); 

CREATE INDEX EMP_LNAME_INDEX ON EMPLOYEE(EMP_LNAME(8));



-- DELETING ROWS
DELETE FROM THEMEPARK
WHERE PARK_CODE = 'IN3512';

-- NAME ENDING IN LAND
SELECT *
FROM THEMEPARK
WHERE PARK_NAME LIKE '%Land';

SELECT * FROM THEMEPARK;


SELECT PARK_CODE, TICKET_PRICE, TICKET_TYPE 
FROM TICKET
WHERE TICKET_PRICE > 30;

SELECT * FROM TICKET
WHERE TICKET_PRICE BETWEEN 20 AND 50; 

SELECT * FROM TICKET
WHERE TICKET_TYPE IN ('Senior','Child');

-- 10% price increase
SELECT PARK_CODE, TICKET_NO, TICKET_TYPE, TICKET_PRICE,
TICKET_PRICE + ROUND((TICKET_PRICE *0.1),2)
FROM TICKET;



-- 4.
SELECT ATTRACT_NO, ATTRACT_NAME, PARK_CODE
FROM ATTRACTION;

-- UPDATING A TABLE
UPDATE ATTRACTION
SET ATTRACT_CAPACITY = 42
WHERE ATTRACT_NO = 20044;

SELECT * FROM ATTRACTION;

-- AND
SELECT *
FROM ATTRACTION
WHERE ATTRACT_AGE <= 15
AND ATTRACT_CAPACITY < 20;

-- JOINS (NATURAL)
SELECT THEMEPARK.PARK_CODE, PARK_NAME, TICKET_NO, TICKET_TYPE, TICKET_PRICE
FROM THEMEPARK, TICKET
WHERE THEMEPARK.PARK_CODE = TICKET.PARK_CODE;

SELECT THEMEPARK.PARK_CODE, PARK_NAME, ATTRACT_NAME, ATTRACT_CAPACITY
FROM THEMEPARK, ATTRACTION
WHERE THEMEPARK.PARK_CODE = ATTRACTION.PARK_CODE;


SELECT EMP_NUM, EMP_LNAME, EMP_FNAME, EMPLOYEE.PARK_CODE ,PARK_NAME
FROM EMPLOYEE, THEMEPARK
WHERE EMPLOYEE.PARK_CODE = THEMEPARK.PARK_CODE; 

-- OUTER JOIN
SELECT THEMEPARK.PARK_CODE, PARK_NAME, ATTRACT_NAME
FROM THEMEPARK LEFT JOIN ATTRACTION ON THEMEPARK.PARK_CODE =
ATTRACTION.PARK_CODE;

SELECT ATTRACTION.PARK_CODE, PARK_NAME, ATTRACT_NAME
FROM ATTRACTION RIGHT JOIN THEMEPARK ON ATTRACTION.PARK_CODE=
THEMEPARK.PARK_CODE;
